AA,FM
AB,VFM
AC,VF
AD,FD
AE,FM
AF,VF
AG,FD
AH,FD
AI,VD
AJ,FM
AK,FD
AL,FD
AM,FD
AN,VF
AO,VF
AP,FD
AQ,VD
AR,FD
AS,FD
AT,FM
AU,F
AV,FD
AW,FD
AX,VD
AY,F
AZ,VF
BA,VM
BB,VM
BC,VM
BD,VM
BE,VM
BF,VM
BG,VM
BH,VM
BI,VM
BJ,VM
BK,VM
BL,VM
BM,VM
BN,VM
BO,VM
BP,VM
BQ,VM
BR,VM
BS,VM
BT,VM
BU,VM
BV,VM
BW,VM
BX,VM
BY,VM
BZ,VM
CA,VD
CB,VD
CC,VD
CD,VD
CE,VD
CF,VD
CG,VD
CH,VD
CI,VD
CJ,VD
CK,VD
CL,VD
CM,VD
CN,VD
CO,VD
CP,VD
CQ,VD
CR,VD
CS,VD
CT,VD
CU,VD
CV,VD
CW,VD
CX,VD
CY,VD
CZ,VD
DA,VD
DB,VD
DC,VD
DD,VD
DE,VD
DF,VD
DG,VD
DH,VD
DI,VD
DJ,VD
DK,VD
DL,VD
DM,VD
DN,VD
DO,VD
DP,VD
DQ,VD
DR,VD
DS,VD
DT,VD
DU,VD
DV,VD
DW,VD
DX,VD
DY,VD
DZ,VD
EA,VD
EB,VD
EC,VD
ED,VD
EE,VD
EF,VD
EG,VD
EH,VD
EI,VD
EJ,VD
EK,VD
EL,VD
EM,VD
EN,VD
EO,VD
EP,VD
EQ,VD
ER,VD
ES,VD
ET,VD
EU,VD
EV,VD
EW,VD
EX,VD
EY,VD
EZ,VD
FA,VM
FB,VM
FC,VM
FD,VM
FE,VM
FF,VM
FG,VM
FH,VM
FI,VM
FJ,VM
FK,VM
FL,VM
FM,VM
FN,VM
FO,VM
FP,VM
FQ,VM
FR,VM
FS,VM
FT,VM
FU,VM
FV,VM
FW,VM
FX,VM
FY,VM
FZ,VM
GA,VD
GB,VD
GC,VD
GD,VD
GE,VD
GF,VD
GG,VD
GH,VD
GI,VD
GJ,VD
GK,VD
GL,VD
GM,VD
GN,VD
GO,VD
GP,VD
GQ,VD
GR,VD
GS,VD
GT,VD
GU,VD
GV,VD
GW,VD
GX,VD
GY,VD
GZ,VD
HA,VD
HB,VD
HC,VD
HD,VD
HE,VD
HF,VD
HG,VD
HH,VD
HI,VD
HJ,VD
HK,VD
HL,VD
HM,VD
HN,VD
HO,VD
HP,VD
HQ,VD
HR,VD
HS,VD
HT,VD
HU,VD
HV,VD
HW,VD
HX,VD
HY,VD
HZ,VD
IA,VM
IB,VM
IC,VM
ID,VM
IE,VM
IF,VM
IG,VM
IH,VM
II,VM
IJ,VM
IK,VM
IL,VM
IM,VM
IN,VM
IO,VM
IP,VM
IQ,VM
IR,VM
IS,VM
IT,VM
IU,VM
IV,VM
IW,VM
IX,VM
IY,VM
IZ,VM
JA,FM
JB,VFM
JC,VF
JD,FD
JE,FM
JF,VF
JG,FD
JH,FD
JI,VF
JJ,FM
JK,FD
JL,FD
JM,FD
JN,FM
JO,FM
JP,FD
JQ,F
JR,FD
JS,VFM
JT,FM
JU,F
JV,FD
JW,FD
JX,VMD
JY,F
JZ,VF
KA,VM
KB,VM
KC,VM
KD,VM
KE,VM
KF,VM
KG,VM
KH,VM
KI,VM
KJ,VM
KK,VM
KL,VM
KM,VM
KN,VM
KO,VM
KP,VM
KQ,VM
KR,VM
KS,VM
KT,VM
KU,VM
KV,VM
KW,VM
KX,VM
KY,VM
KZ,VM
LA,VD
LB,VD
LC,VD
LD,VD
LE,VD
LF,VD
LG,VD
LH,VD
LI,VD
LJ,VD
LK,VD
LL,VD
LM,VD
LN,VD
LO,VD
LP,VD
LQ,VD
LR,VD
LS,VD
LT,VD
LU,VD
LV,VD
LW,VD
LX,VD
LY,VD
LZ,VD
MA,FM
MB,VFM
MC,VF
MD,FD
ME,FM
MF,VF
MG,FD
MH,FD
MI,VF
MJ,FM
MK,FD
ML,FD
MM,FD
MN,FM
MO,FM
MP,FD
MQ,F
MR,FD
MS,FD
MT,FM
MU,F
MV,FD
MW,FD
MX,VMD
MY,F
MZ,VF
NA,VM
NB,VM
NC,VM
ND,VM
NE,VM
NF,VM
NG,VM
NH,VM
NI,VM
NJ,VM
NK,VM
NL,VM
NM,VM
NN,VM
NO,VM
NP,VM
NQ,VM
NR,VM
NS,VM
NT,VM
NU,VM
NV,VM
NW,VM
NX,VM
NY,VM
NZ,VM
OA,FM
OB,VF
OC,FM
OD,FD
OE,FM
OF,FM
OG,FD
OH,FD
OI,VM
OJ,FM
OK,FD
OL,FD
OM,FD
ON,FM
OO,FM
OP,FD
OQ,F
OR,FD
OS,FD
OT,FM
OU,F
OV,FD
OW,FD
OX,VM
OY,F
OZ,FM
PA,VD
PB,VD
PC,VD
PD,VD
PE,VD
PF,VD
PG,VD
PH,VD
PI,VD
PJ,VD
PK,VD
PL,VD
PM,VD
PN,VD
PO,VD
PP,VD
PQ,VD
PR,VD
PS,VD
PT,VD
PU,VD
PV,VD
PW,VD
PX,VD
PY,VD
PZ,VD
QA,V
QB,V
QC,V
QD,V
QE,V
QF,V
QG,V
QH,V
QI,V
QJ,V
QK,V
QL,V
QM,V
QN,V
QO,V
QP,V
QQ,V
QR,V
QS,V
QT,V
QU,V
QV,V
QW,V
QX,V
QY,V
QZ,V
RA,VD
RB,VD
RC,VD
RD,VD
RE,VD
RF,VD
RG,VD
RH,VD
RI,VD
RJ,VD
RK,VD
RL,VD
RM,VD
RN,VD
RO,VD
RP,VD
RQ,VD
RR,VD
RS,VD
RT,VD
RU,VD
RV,VD
RW,VD
RX,VD
RY,VD
RZ,VD
SA,VD
SB,VD
SC,VD
SD,VD
SE,VD
SF,VD
SG,VD
SH,VD
SI,VD
SJ,VD
SK,VD
SL,VD
SM,VD
SN,VD
SO,VD
SP,VD
SQ,VD
SR,VD
SS,VD
ST,VD
SU,VD
SV,VD
SW,VD
SX,VD
SY,VD
SZ,VD
TA,VD
TB,VD
TC,VD
TD,VD
TE,VD
TF,VD
TG,VD
TH,VD
TI,VD
TJ,VD
TK,VD
TL,VD
TM,VD
TN,VD
TO,VD
TP,VD
TQ,VD
TR,VD
TS,VD
TT,VD
TU,VD
TV,VD
TW,VD
TX,VD
TY,VD
TZ,VD
UA,V
UB,V
UC,V
UD,V
UE,V
UF,V
UG,V
UH,V
UI,V
UJ,V
UK,V
UL,V
UM,V
UN,V
UO,V
UP,V
UQ,V
UR,V
US,V
UT,V
UU,V
UV,V
UW,V
UY,V
UZ,V
VA,FM
VB,VF
VC,FM
VD,FD
VE,FM
VF,FM
VG,FD
VH,FD
VI,VM
VJ,FM
VK,FD
VL,FD
VM,FD
VN,FM
VO,FM
VP,FD
VQ,F
VR,FD
VS,FD
VT,FM
VU,F
VV,FD
VW,FD
VX,VM
VY,F
VZ,FM
WA,VM
WB,VM
WC,VM
WD,VM
WE,VM
WF,VM
WG,VM
WH,VM
WI,VM
WJ,VM
WK,VM
WL,VM
WM,VM
WN,VM
WO,VM
WP,VM
WQ,VM
WR,VM
WS,VM
WT,VM
WU,VM
WV,VM
WW,VM
WX,VM
WY,VM
WZ,VM
XA,V
XB,V
XC,V
XD,V
XE,V
XF,V
XG,V
XH,V
XI,V
XJ,V
XK,V
XL,V
XM,V
XN,V
XO,V
XP,V
XQ,V
XR,V
XS,V
XT,V
XU,V
XV,V
XW,V
XX,V
XY,V
XZ,V
YA,FM
YB,VF
YC,FM
YD,FD
YE,FM
YF,FM
YG,FD
YH,FD
YI,VM
YJ,FM
YK,FD
YL,FD
YM,FD
YN,FM
YO,FM
YP,FD
YQ,F
YR,FD
YS,FD
YT,FM
YU,F
YV,FD
YW,FD
YX,VM
YY,F
YZ,FM
ZA,V
ZB,V
ZC,V
ZD,V
ZE,V
ZF,V
ZG,V
ZH,V
ZI,V
ZJ,V
ZK,V
ZL,V
ZM,V
ZN,V
ZO,V
ZP,V
ZQ,V
ZR,V
ZS,V
ZT,V
ZU,V
ZV,V
ZW,V
ZX,V
ZY,V
ZZ,V
